,ID,Pathway
0,R-HSA-5578775,Ion homeostasis
1,R-HSA-5576891,Cardiac conduction
2,R-HSA-397014,Muscle contraction
3,R-HSA-983712,Ion channel transport
4,R-HSA-418360,Platelet calcium homeostasis
5,R-HSA-2672351,Stimuli-sensing channels
6,R-HSA-5576892,Phase 0 - rapid depolarisation
7,R-HSA-418346,Platelet homeostasis
8,R-HSA-139853,Elevation of cytosolic Ca2+ levels
9,R-HSA-418359,Reduction of cytosolic Ca++ levels
10,R-HSA-9617324,Negative regulation of NMDA receptor-mediated neuronal transmission
11,R-HSA-936837,Ion transport by P-type ATPases
12,R-HSA-438066,"Unblocking of NMDA receptors, glutamate binding and activation"
13,R-HSA-112308,Presynaptic depolarization and calcium channel opening
14,R-HSA-5576893,Phase 2 - plateau phase
15,R-HSA-382551,Transport of small molecules
16,R-HSA-5607763,CLEC7A (Dectin-1) induces NFAT activation
17,R-HSA-419037,NCAM1 interactions
18,R-HSA-9022535,Loss of phosphorylation of MECP2 at T308
19,R-HSA-425561,Sodium/Calcium exchangers
20,R-HSA-422356,Regulation of insulin secretion
21,R-HSA-3295583,TRP channels
22,R-HSA-390522,Striated Muscle Contraction
23,R-HSA-76005,Response to elevated platelet cytosolic Ca2+
24,R-HSA-9013700,NOTCH4 Activation and Transmission of Signal to the Nucleus
25,R-HSA-9005891,Loss of function of MECP2 in Rett syndrome
26,R-HSA-9675151,Disorders of Developmental Biology
27,R-HSA-9005895,Pervasive developmental disorders
28,R-HSA-9697154,Disorders of Nervous System Development
29,R-HSA-9620244,Long-term potentiation
30,R-HSA-163685,Integration of energy metabolism
31,R-HSA-114608,Platelet degranulation 
32,R-HSA-1489509,DAG and IP3 signaling
33,R-HSA-442982,Ras activation upon Ca2+ influx through NMDA receptor
34,R-HSA-3928665,EPH-ephrin mediated repulsion of cells
35,R-HSA-418457,cGMP effects
36,R-HSA-983695,Antigen activates B Cell Receptor (BCR) leading to generation of second messengers
37,R-HSA-112043,PLC beta mediated events
38,R-HSA-392154,Nitric oxide stimulates guanylate cyclase
39,R-HSA-112040,G-protein mediated events
40,R-HSA-9609523,Insertion of tail-anchored proteins into the endoplasmic reticulum membrane
41,R-HSA-111933,Calmodulin induced events
42,R-HSA-9035034,RHOF GTPase cycle
43,R-HSA-2025928,Calcineurin activates NFAT
44,R-HSA-111997,CaM pathway
45,R-HSA-2979096,NOTCH2 Activation and Transmission of Signal to the Nucleus
46,R-HSA-5218921,VEGFR2 mediated cell proliferation
47,R-HSA-9013405,RHOD GTPase cycle
48,R-HSA-445095,Interaction between L1 and Ankyrins
49,R-HSA-442742,CREB1 phosphorylation through NMDA receptor-mediated activation of RAS signaling
50,R-HSA-3000171,Non-integrin membrane-ECM interactions
51,R-HSA-5619048,"Defective SLC11A2 causes hypochromic microcytic anemia, with iron overload 1 (AHMIO1)"
52,R-HSA-1299316,TWIK-releated acid-sensitive K+ channel (TASK)
53,R-HSA-375165,NCAM signaling for neurite out-growth
54,R-HSA-8949215,Mitochondrial calcium ion transport
55,R-HSA-381676,Glucagon-like Peptide-1 (GLP1) regulates insulin secretion
56,R-HSA-983705,Signaling by the B Cell Receptor (BCR)
57,R-HSA-3656535,TGFBR1 LBD Mutants in Cancer
58,R-HSA-8957275,Post-translational protein phosphorylation
59,R-HSA-163615,PKA activation
60,R-HSA-9664323,FCGR3A-mediated IL10 synthesis
61,R-HSA-442720,CREB1 phosphorylation through the activation of Adenylate Cyclase
62,R-HSA-9656223,Signaling by RAF1 mutants
63,R-HSA-111996,Ca-dependent events
64,R-HSA-114508,Effects of PIP2 hydrolysis
65,R-HSA-438064,Post NMDA receptor activation events
66,R-HSA-9662360,Sensory processing of sound by inner hair cells of the cochlea
67,R-HSA-109582,Hemostasis
68,R-HSA-1296071,Potassium Channels
69,R-HSA-163358,PKA-mediated phosphorylation of key metabolic factors
70,R-HSA-3656534,Loss of Function of TGFBR1 in Cancer
71,R-HSA-6794361,Neurexins and neuroligins
72,R-HSA-9659379,Sensory processing of sound
73,R-HSA-5673000,RAF activation
74,R-HSA-5576894,Phase 1 - inactivation of fast Na+ channels
75,R-HSA-428559,Proton-coupled neutral amino acid transporters
76,R-HSA-3371571,HSF1-dependent transactivation
77,R-HSA-5620916,VxPx cargo-targeting to cilium
78,R-HSA-1307965,betaKlotho-mediated ligand binding
79,R-HSA-9017802,Noncanonical activation of NOTCH3
80,R-HSA-400042,"Adrenaline,noradrenaline inhibits insulin secretion"
81,R-HSA-8875513,MET interacts with TNS proteins
82,R-HSA-190374,FGFR1c and Klotho ligand binding and activation
83,R-HSA-390651,Dopamine receptors
84,R-HSA-111931,PKA-mediated phosphorylation of CREB
85,R-HSA-9036866,Expression and Processing of Neurotrophins
86,R-HSA-167060,NGF processing
87,R-HSA-447038,NrCAM interactions
88,R-HSA-6802955,Paradoxical activation of RAF signaling by kinase inactive BRAF
89,R-HSA-6802946,Signaling by moderate kinase activity BRAF mutants
90,R-HSA-9649948,Signaling downstream of RAS mutants
91,R-HSA-6802949,Signaling by RAS mutants
92,R-HSA-190827,Transport of connexins along the secretory pathway
93,R-HSA-190370,FGFR1b ligand binding and activation
94,R-HSA-425986,Sodium/Proton exchangers
95,R-HSA-6802952,Signaling by BRAF and RAF1 fusions
96,R-HSA-191650,Regulation of gap junction activity
97,R-HSA-190371,FGFR3b ligand binding and activation
98,R-HSA-205017,NFG and proNGF binds to p75NTR
99,R-HSA-5250971,Toxicity of botulinum toxin type C (botC)
100,R-HSA-1296346,Tandem pore domain potassium channels
101,R-HSA-187042,TRKA activation by NGF
102,R-HSA-5682910,LGI-ADAM interactions
103,R-HSA-8854518,AURKA Activation by TPX2
104,R-HSA-76002,"Platelet activation, signaling and aggregation"
105,R-HSA-165181,Inhibition of TSC complex formation by PKB
106,R-HSA-209563,Axonal growth stimulation
107,R-HSA-2465910,MASTL Facilitates Mitotic Progression
108,R-HSA-5250992,Toxicity of botulinum toxin type E (botE)
109,R-HSA-111932,CaMK IV-mediated phosphorylation of CREB
110,R-HSA-5660489,MTF1 activates gene expression
111,R-HSA-373753,Nephrin family interactions
112,R-HSA-112316,Neuronal System
113,R-HSA-3371556,Cellular response to heat stress
114,R-HSA-5658623,FGFRL1 modulation of FGFR1 signaling
115,R-HSA-434313,Intracellular metabolism of fatty acids regulates insulin secretion
116,R-HSA-444473,Formyl peptide receptors bind formyl peptides and many other ligands
117,R-HSA-190377,FGFR2b ligand binding and activation
118,R-HSA-9667769,Acetylcholine inhibits contraction of outer hair cells
119,R-HSA-419812,Calcitonin-like ligand receptors
120,R-HSA-4086398,Ca2+ pathway
121,R-HSA-418594,G alpha (i) signalling events
122,R-HSA-196025,Formation of annular gap junctions
123,R-HSA-8866427,VLDLR internalisation and degradation
124,R-HSA-9634600,"Regulation of glycolysis by fructose 2,6-bisphosphate metabolism"
125,R-HSA-1839122,Signaling by activated point mutants of FGFR1
126,R-HSA-5362798,Release of Hh-Np from the secreting cell
127,R-HSA-210991,Basigin interactions
128,R-HSA-9013409,RHOJ GTPase cycle
129,R-HSA-425393,Transport of inorganic cations/anions and amino acids/oligopeptides
130,R-HSA-2122948,Activated NOTCH1 Transmits Signal to the Nucleus
131,R-HSA-193692,Regulated proteolysis of p75NTR
132,R-HSA-8949664,Processing of SMDT1
133,R-HSA-1296052,Ca2+ activated K+ channels
134,R-HSA-168277,Influenza Virus Induced Apoptosis
135,R-HSA-9013406,RHOQ GTPase cycle
136,R-HSA-380320,Recruitment of NuMA to mitotic centrosomes
137,R-HSA-9010642,ROBO receptors bind AKAP5
138,R-HSA-111957,Cam-PDE 1 activation
139,R-HSA-5576886,Phase 4 - resting membrane potential
140,R-HSA-190322,FGFR4 ligand binding and activation
141,R-HSA-190375,FGFR2c ligand binding and activation
142,R-HSA-1839130,Signaling by activated point mutants of FGFR3
143,R-HSA-8941332,RUNX2 regulates genes involved in cell migration
144,R-HSA-111885,Opioid Signalling
145,R-HSA-3000170,Syndecan interactions
146,R-HSA-5578768,Physiological factors
147,R-HSA-5250968,Toxicity of botulinum toxin type A (botA)
148,R-HSA-2033514,FGFR3 mutant receptor activation
149,R-HSA-190873,Gap junction degradation
150,R-HSA-451308,Activation of Ca-permeable Kainate Receptor
151,R-HSA-190840,Microtubule-dependent trafficking of connexons from Golgi to the plasma membrane
152,R-HSA-75108,"Activation, myristolyation of BID and translocation to mitochondria"
153,R-HSA-190373,FGFR1c ligand binding and activation
154,R-HSA-6794362,Protein-protein interactions at synapses
155,R-HSA-190872,Transport of connexons to the plasma membrane
156,R-HSA-451306,Ionotropic activity of kainate receptors
157,R-HSA-187024,NGF-independant TRKA activation
158,R-HSA-190372,FGFR3c ligand binding and activation
159,R-HSA-9013026,RHOB GTPase cycle
160,R-HSA-190239,FGFR3 ligand binding and activation
161,R-HSA-6802957,Oncogenic MAPK signaling
162,R-HSA-9013408,RHOG GTPase cycle
163,R-HSA-159763,Transport of gamma-carboxylated protein precursors from the endoplasmic reticulum to the Golgi apparatus
164,R-HSA-2033519,Activated point mutants of FGFR2
165,R-HSA-75892,Platelet Adhesion to exposed collagen
166,R-HSA-205043,NRIF signals cell death from the nucleus
167,R-HSA-1980145,Signaling by NOTCH2
168,R-HSA-2871809,FCERI mediated Ca+2 mobilization
169,R-HSA-9013106,RHOC GTPase cycle
170,R-HSA-190242,FGFR1 ligand binding and activation
171,R-HSA-2142688,Synthesis of 5-eicosatetraenoic acids
172,R-HSA-8964011,HDL clearance
173,R-HSA-190241,FGFR2 ligand binding and activation
174,R-HSA-2514859,"Inactivation, recovery and regulation of the phototransduction cascade"
175,R-HSA-196836,Vitamin C (ascorbate) metabolism
176,R-HSA-3000178,ECM proteoglycans
177,R-HSA-8851708,Signaling by FGFR2 IIIa TM
178,R-HSA-69416,Dimerization of procaspase-8
179,R-HSA-114294,"Activation, translocation and oligomerization of BAX"
180,R-HSA-2173791,TGF-beta receptor signaling in EMT (epithelial to mesenchymal transition)
181,R-HSA-4419969,Depolymerisation of the Nuclear Lamina
182,R-HSA-3371378,Regulation by c-FLIP
183,R-HSA-190861,Gap junction assembly
184,R-HSA-2514856,The phototransduction cascade
185,R-HSA-879415,Advanced glycosylation endproduct receptor signaling
186,R-HSA-3000157,Laminin interactions
187,R-HSA-9708296,"tRNA-derived small RNA (tsRNA or tRNA-related fragment, tRF) biogenesis"
188,R-HSA-159740,Gamma-carboxylation of protein precursors
189,R-HSA-163560,Triglyceride catabolism
190,R-HSA-9013404,RAC2 GTPase cycle
191,R-HSA-187015,Activation of TRKA receptors
192,R-HSA-9013423,RAC3 GTPase cycle
193,R-HSA-9609507,Protein localization
194,R-HSA-159782,Removal of aminoterminal propeptides from gamma-carboxylated proteins
195,R-HSA-5674404,PTEN Loss of Function in Cancer
196,R-HSA-164378,PKA activation in glucagon signalling
197,R-HSA-8964026,Chylomicron clearance
198,R-HSA-2160916,Hyaluronan uptake and degradation
199,R-HSA-70221,Glycogen breakdown (glycogenolysis)
200,R-HSA-9664433,Leishmania parasite growth and survival
201,R-HSA-9662851,Anti-inflammatory response favouring Leishmania parasite infection
202,R-HSA-381426,Regulation of Insulin-like Growth Factor (IGF) transport and uptake by Insulin-like Growth Factor Binding Proteins (IGFBPs)
203,R-HSA-9679191,Potential therapeutics for SARS
204,R-HSA-8853659,RET signaling
205,R-HSA-3315487,SMAD2/3 MH2 Domain Mutants in Cancer
206,R-HSA-199920,CREB phosphorylation
207,R-HSA-5250982,Toxicity of tetanus toxin (tetX)
208,R-HSA-210747,Regulation of gene expression in early pancreatic precursor cells
209,R-HSA-380270,Recruitment of mitotic centrosome proteins and complexes
210,R-HSA-111452,Activation and oligomerization of BAK protein
211,R-HSA-8963896,HDL assembly
212,R-HSA-193697,p75NTR regulates axonogenesis
213,R-HSA-205025,NADE modulates death signalling
214,R-HSA-193634,Axonal growth inhibition (RHOA activation)
215,R-HSA-380259,Loss of Nlp from mitotic centrosomes
216,R-HSA-111447,Activation of BAD and translocation to mitochondria 
217,R-HSA-6785631,ERBB2 Regulates Cell Motility
218,R-HSA-933542,TRAF6 mediated NF-kB activation
219,R-HSA-8865999,MET activates PTPN11
220,R-HSA-5250955,Toxicity of botulinum toxin type D (botD)
221,R-HSA-5250981,Toxicity of botulinum toxin type F (botF)
222,R-HSA-380284,Loss of proteins required for interphase microtubule organization from the centrosome
223,R-HSA-6803211,TP53 Regulates Transcription of Death Receptors and Ligands
224,R-HSA-2129379,Molecules associated with elastic fibres
225,R-HSA-2142845,Hyaluronan metabolism
226,R-HSA-9033500,TYSND1 cleaves peroxisomal proteins
227,R-HSA-167021,PLC-gamma1 signalling
228,R-HSA-354194,GRB2:SOS provides linkage to MAPK signaling for Integrins 
229,R-HSA-3304349,Loss of Function of SMAD2/3 in Cancer
230,R-HSA-140534,Caspase activation via Death Receptors in the presence of ligand
231,R-HSA-210744,Regulation of gene expression in late stage (branching morphogenesis) pancreatic bud precursor cells
232,R-HSA-162592,Integration of provirus
233,R-HSA-190828,Gap junction trafficking
234,R-HSA-1251932,PLCG1 events in ERBB2 signaling
235,R-HSA-9034793,Activated NTRK3 signals through PLCG1
236,R-HSA-159854,"Gamma-carboxylation, transport, and amino-terminal cleavage of proteins"
237,R-HSA-3304351,Signaling by TGF-beta Receptor Complex in Cancer
238,R-HSA-8941284,RUNX2 regulates chondrocyte maturation
239,R-HSA-391160,Signal regulatory protein family interactions
240,R-HSA-9026527,Activated NTRK2 signals through PLCG1
241,R-HSA-451326,Activation of kainate receptors upon glutamate binding
242,R-HSA-5250958,Toxicity of botulinum toxin type B (botB)
243,R-HSA-8939242,RUNX1 regulates transcription of genes involved in differentiation of keratinocytes
244,R-HSA-445355,Smooth Muscle Contraction
245,R-HSA-4420097,VEGFA-VEGFR2 Pathway
246,R-HSA-1566977,Fibronectin matrix formation
247,R-HSA-1296072,Voltage gated Potassium channels
248,R-HSA-5626467,RHO GTPases activate IQGAPs
249,R-HSA-380287,Centrosome maturation
250,R-HSA-8979227,Triglyceride metabolism
251,R-HSA-9032759,NTRK2 activates RAC1
252,R-HSA-165158,Activation of AKT2
253,R-HSA-399954,Sema3A PAK dependent Axon repulsion
254,R-HSA-1300645,Acrosome Reaction and Sperm:Oocyte Membrane Binding
255,R-HSA-3000471,Scavenging by Class B Receptors
256,R-HSA-1474244,Extracellular matrix organization
257,R-HSA-416700,Other semaphorin interactions
258,R-HSA-194138,Signaling by VEGF
259,R-HSA-157858,Gap junction trafficking and regulation
260,R-HSA-442755,Activation of NMDA receptors and postsynaptic events
261,R-HSA-212718,EGFR interacts with phospholipase C-gamma
262,R-HSA-9609736,Assembly and cell surface presentation of NMDA receptors
263,R-HSA-9619229,Activation of RAC1 downstream of NMDARs
264,R-HSA-3371568,Attenuation phase
265,R-HSA-9662834,CD163 mediating an anti-inflammatory response
266,R-HSA-198693,AKT phosphorylates targets in the nucleus
267,R-HSA-75035,Chk1/Chk2(Cds1) mediated inactivation of Cyclin B:Cdk1 complex
268,R-HSA-1839126,FGFR2 mutant receptor activation
269,R-HSA-1168372,Downstream signaling events of B Cell Receptor (BCR)
270,R-HSA-901042,Calnexin/calreticulin cycle
271,R-HSA-9012999,RHO GTPase cycle
272,R-HSA-9619483,Activation of AMPK downstream of NMDARs
273,R-HSA-110320,Translesion Synthesis by POLH
274,R-HSA-174048,APC/C:Cdc20 mediated degradation of Cyclin B
275,R-HSA-74749,Signal attenuation
276,R-HSA-9683686,Maturation of spike protein
277,R-HSA-5250989,Toxicity of botulinum toxin type G (botG)
278,R-HSA-8943723,Regulation of PTEN mRNA translation
279,R-HSA-73863,RNA Polymerase I Transcription Termination
280,R-HSA-75205,Dissolution of Fibrin Clot
281,R-HSA-422475,Axon guidance
282,R-HSA-9013507,NOTCH3 Activation and Transmission of Signal to the Nucleus
283,R-HSA-1912420,Pre-NOTCH Processing in Golgi
284,R-HSA-9013418,RHOBTB2 GTPase cycle
285,R-HSA-174430,Telomere C-strand synthesis initiation
286,R-HSA-6788467,IL-6-type cytokine receptor ligand interactions
287,R-HSA-9013957,TLR3-mediated TICAM1-dependent programmed cell death
288,R-HSA-198753,ERK/MAPK targets
289,R-HSA-9032500,Activated NTRK2 signals through FYN
290,R-HSA-1660502,PIPs transport between early and late endosome membranes
291,R-HSA-1660537,PIPs transport between early endosome and Golgi membranes
292,R-HSA-1660508,PIPs transport between late endosome and Golgi membranes
293,R-HSA-390450,Folding of actin by CCT/TriC
294,R-HSA-5357786,TNFR1-induced proapoptotic signaling
295,R-HSA-917729,Endosomal Sorting Complex Required For Transport (ESCRT)
296,R-HSA-8982491,Glycogen metabolism
297,R-HSA-5620912,Anchoring of the basal body to the plasma membrane
298,R-HSA-5686938,Regulation of TLR by endogenous ligand
299,R-HSA-8935964,RUNX1 regulates expression of components of tight junctions
300,R-HSA-9022707,MECP2 regulates transcription factors
301,R-HSA-8980692,RHOA GTPase cycle
302,R-HSA-114516,Disinhibition of SNARE formation
303,R-HSA-5674499,Negative feedback regulation of MAPK pathway
304,R-HSA-389513,CTLA4 inhibitory signaling
305,R-HSA-2562578,TRIF-mediated programmed cell death
306,R-HSA-162588,Budding and maturation of HIV virion
307,R-HSA-8963888,Chylomicron assembly
308,R-HSA-176187,Activation of ATR in response to replication stress
309,R-HSA-446353,Cell-extracellular matrix interactions
310,R-HSA-6798695,Neutrophil degranulation
311,R-HSA-9686347,Microbial modulation of RIPK1-mediated regulated necrosis
312,R-HSA-140837,Intrinsic Pathway of Fibrin Clot Formation
313,R-HSA-1433559,Regulation of KIT signaling
314,R-HSA-399956,CRMPs in Sema3A signaling
315,R-HSA-9013422,RHOBTB1 GTPase cycle
316,R-HSA-1566948,Elastic fibre formation
317,R-HSA-351200,Interconversion of polyamines
318,R-HSA-399955,SEMA3A-Plexin repulsion signaling by inhibiting Integrin adhesion
319,R-HSA-1170546,Prolactin receptor signaling
320,R-HSA-2046106,alpha-linolenic acid (ALA) metabolism
321,R-HSA-5663220,RHO GTPases Activate Formins
322,R-HSA-112315,Transmission across Chemical Synapses
323,R-HSA-111453,BH3-only proteins associate with and inactivate anti-apoptotic BCL-2 members
324,R-HSA-8849932,Synaptic adhesion-like molecules
325,R-HSA-5676934,Protein repair
326,R-HSA-8964315,G beta:gamma signalling through BTK
327,R-HSA-176417,Phosphorylation of Emi1
328,R-HSA-8964038,LDL clearance
329,R-HSA-2980767,"Activation of NIMA Kinases NEK9, NEK6, NEK7"
330,R-HSA-68881,Mitotic Metaphase/Anaphase Transition
331,R-HSA-179812,GRB2 events in EGFR signaling
332,R-HSA-111995,phospho-PLA2 pathway
333,R-HSA-162594,Early Phase of HIV Life Cycle
334,R-HSA-111457,Release of apoptotic factors from the mitochondria
335,R-HSA-1474151,"Tetrahydrobiopterin (BH4) synthesis, recycling, salvage and regulation"
336,R-HSA-5660526,Response to metal ions
337,R-HSA-373755,Semaphorin interactions
338,R-HSA-202427,Phosphorylation of CD3 and TCR zeta chains
339,R-HSA-532668,N-glycan trimming in the ER and Calnexin/Calreticulin cycle
340,R-HSA-5673001,RAF/MAP kinase cascade
341,R-HSA-5658442,Regulation of RAS by GAPs
342,R-HSA-1445148,Translocation of SLC2A4 (GLUT4) to the plasma membrane
343,R-HSA-9662361,Sensory processing of sound by outer hair cells of the cochlea
344,R-HSA-203641,NOSTRIN mediated eNOS trafficking
345,R-HSA-1592389,Activation of Matrix Metalloproteinases
346,R-HSA-156590,Glutathione conjugation
347,R-HSA-9706574,RHOBTB GTPase Cycle
348,R-HSA-162658,Golgi Cisternae Pericentriolar Stack Reorganization
349,R-HSA-201451,Signaling by BMP
350,R-HSA-112411,MAPK1 (ERK2) activation
351,R-HSA-447041,CHL1 interactions
352,R-HSA-933543,NF-kB activation through FADD/RIP-1 pathway mediated by caspase-8 and -10
353,R-HSA-2022377,Metabolism of Angiotensinogen to Angiotensins
354,R-HSA-3928663,EPHA-mediated growth cone collapse
355,R-HSA-8849472,PTK6 Down-Regulation
356,R-HSA-176412,Phosphorylation of the APC/C
357,R-HSA-8963889,Assembly of active LPL and LIPC lipase complexes
358,R-HSA-8983711,OAS antiviral response
359,R-HSA-6811438,Intra-Golgi traffic
360,R-HSA-204998,"Cell death signalling via NRAGE, NRIF and NADE"
361,R-HSA-9696273,RND1 GTPase cycle
362,R-HSA-9696270,RND2 GTPase cycle
363,R-HSA-1442490,Collagen degradation
364,R-HSA-442660,Na+/Cl- dependent neurotransmitter transporters
365,R-HSA-2046104,alpha-linolenic (omega3) and linoleic (omega6) acid metabolism
366,R-HSA-2022090,Assembly of collagen fibrils and other multimeric structures
367,R-HSA-5621575,CD209 (DC-SIGN) signaling
368,R-HSA-1474228,Degradation of the extracellular matrix
369,R-HSA-9013149,RAC1 GTPase cycle
370,R-HSA-9696264,RND3 GTPase cycle
371,R-HSA-9027277,Erythropoietin activates Phospholipase C gamma (PLCG)
372,R-HSA-75158,TRAIL  signaling
373,R-HSA-1187000,Fertilization
374,R-HSA-9694676,Translation of Replicase and Assembly of the Replication Transcription Complex
375,R-HSA-5621481,C-type lectin receptors (CLRs)
376,R-HSA-5218920,VEGFR2 mediated vascular permeability
377,R-HSA-1433557,Signaling by SCF-KIT
378,R-HSA-8963901,Chylomicron remodeling
379,R-HSA-168799,Neurotoxicity of clostridium toxins
380,R-HSA-5362517,Signaling by Retinoic Acid
381,R-HSA-1268020,Mitochondrial protein import
382,R-HSA-9675108,Nervous system development
383,R-HSA-442729,CREB1 phosphorylation through the activation of CaMKII/CaMKK/CaMKIV cascasde
384,R-HSA-177504,Retrograde neurotrophin signalling
385,R-HSA-446343,Localization of the PINCH-ILK-PARVIN complex to focal adhesions
386,R-HSA-912631,Regulation of signaling by CBL
387,R-HSA-1362300,Transcription of E2F targets under negative control by p107 (RBL1) and p130 (RBL2) in complex with HDAC1
388,R-HSA-5625900,RHO GTPases activate CIT
389,R-HSA-110056,MAPK3 (ERK1) activation
390,R-HSA-8876493,InlA-mediated entry of Listeria monocytogenes into host cells
391,R-HSA-9013407,RHOH GTPase cycle
392,R-HSA-180336,SHC1 events in EGFR signaling
393,R-HSA-5669034,TNFs bind their physiological receptors
394,R-HSA-1222556,ROS and RNS production in phagocytes
395,R-HSA-5654227,Phospholipase C-mediated cascade; FGFR3
396,R-HSA-9027284,Erythropoietin activates RAS
397,R-HSA-198745,Signalling to STAT3
398,R-HSA-8875791,MET activates STAT3
399,R-HSA-5654228,Phospholipase C-mediated cascade; FGFR4
400,R-HSA-8847453,Synthesis of PIPs in the nucleus
401,R-HSA-68884,Mitotic Telophase/Cytokinesis
402,R-HSA-8948747,Regulation of PTEN localization
403,R-HSA-1250347,SHC1 events in ERBB4 signaling
404,R-HSA-379401,Dopamine clearance from the synaptic cleft
405,R-HSA-74259,Purine catabolism
406,R-HSA-1483148,Synthesis of PG
407,R-HSA-180024,DARPP-32 events
408,R-HSA-5654219,Phospholipase C-mediated cascade: FGFR1
409,R-HSA-418217,G beta:gamma signalling through PLC beta
410,R-HSA-75157,FasL/ CD95L signaling
411,R-HSA-1253288,Downregulation of ERBB4 signaling
412,R-HSA-9634285,Constitutive Signaling by Overexpressed ERBB2
413,R-HSA-9679504,Translation of Replicase and Assembly of the Replication Transcription Complex
414,R-HSA-5620971,Pyroptosis
415,R-HSA-416476,G alpha (q) signalling events
416,R-HSA-69610,p53-Independent DNA Damage Response
417,R-HSA-69601,Ubiquitin Mediated Degradation of Phosphorylated Cdc25A
418,R-HSA-69613,p53-Independent G1/S DNA damage checkpoint
419,R-HSA-429947,Deadenylation of mRNA
420,R-HSA-190704,Oligomerization of connexins into connexons
421,R-HSA-428542,Regulation of commissural axon pathfinding by SLIT and ROBO
422,R-HSA-163359,Glucagon signaling in metabolic regulation
423,R-HSA-9020558,Interleukin-2 signaling
424,R-HSA-375280,Amine ligand-binding receptors
425,R-HSA-5654221,Phospholipase C-mediated cascade; FGFR2
426,R-HSA-8964058,HDL remodeling
427,R-HSA-9694548,Maturation of spike protein
428,R-HSA-5467340,AXIN missense mutants destabilize the destruction complex
429,R-HSA-3371511,HSF1 activation
430,R-HSA-4839735,Signaling by AXIN mutants
431,R-HSA-8964043,Plasma lipoprotein clearance
432,R-HSA-9615710,Late endosomal microautophagy
433,R-HSA-192905,vRNP Assembly
434,R-HSA-72649,Translation initiation complex formation
435,R-HSA-446388,Regulation of cytoskeletal remodeling and cell spreading by IPP complex components
436,R-HSA-8851680,Butyrophilin (BTN) family interactions
437,R-HSA-9705462,Inactivation of CSF3 (G-CSF) signaling
438,R-HSA-3371453,Regulation of HSF1-mediated heat shock response
439,R-HSA-114452,Activation of BH3-only proteins
440,R-HSA-203615,eNOS activation
441,R-HSA-3858494,Beta-catenin independent WNT signaling
442,R-HSA-9668328,Sealing of the nuclear envelope (NE) by ESCRT-III
443,R-HSA-73779,RNA Polymerase II Transcription Pre-Initiation And Promoter Opening
444,R-HSA-8851805,MET activates RAS signaling
445,R-HSA-9678110,Attachment and Entry
446,R-HSA-69273,Cyclin A/B1/B2 associated events during G2/M transition
447,R-HSA-9028335,Activated NTRK2 signals through PI3K
448,R-HSA-9694614,Attachment and Entry
449,R-HSA-171286,Synthesis and processing of ENV and VPU
450,R-HSA-174184,Cdc20:Phospho-APC/C mediated degradation of Cyclin A
451,R-HSA-432040,Vasopressin regulates renal water homeostasis via Aquaporins
452,R-HSA-5620922,BBSome-mediated cargo-targeting to cilium
453,R-HSA-140875,Common Pathway of Fibrin Clot Formation
454,R-HSA-5617833,Cilium Assembly
455,R-HSA-9648002,RAS processing
456,R-HSA-380108,Chemokine receptors bind chemokines
457,R-HSA-5210891,Uptake and function of anthrax toxins
458,R-HSA-167161,HIV Transcription Initiation
459,R-HSA-167162,RNA Polymerase II HIV Promoter Escape
460,R-HSA-73776,RNA Polymerase II Promoter Escape
461,R-HSA-8931987,RUNX1 regulates estrogen receptor mediated transcription
462,R-HSA-1250342,PI3K events in ERBB4 signaling
463,R-HSA-1250196,SHC1 events in ERBB2 signaling
464,R-HSA-9033241,Peroxisomal protein import
465,R-HSA-5607764,CLEC7A (Dectin-1) signaling
466,R-HSA-3214842,HDMs demethylate histones
467,R-HSA-70268,Pyruvate metabolism
468,R-HSA-936964,Activation of IRF3/IRF7 mediated by TBK1/IKK epsilon
469,R-HSA-76042,RNA Polymerase II Transcription Initiation And Promoter Clearance
470,R-HSA-1855204,Synthesis of IP3 and IP4 in the cytosol
471,R-HSA-201688,WNT mediated activation of DVL
472,R-HSA-418597,G alpha (z) signalling events
473,R-HSA-420499,Class C/3 (Metabotropic glutamate/pheromone receptors)
474,R-HSA-5223345,Miscellaneous transport and binding events
475,R-HSA-166208,mTORC1-mediated signalling
476,R-HSA-1660516,Synthesis of PIPs at the early endosome membrane
477,R-HSA-5684996,MAPK1/MAPK3 signaling
478,R-HSA-1483248,Synthesis of PIPs at the ER membrane
479,R-HSA-2029485,Role of phospholipids in phagocytosis
480,R-HSA-372708,p130Cas linkage to MAPK signaling for integrins
481,R-HSA-179419,APC:Cdc20 mediated degradation of cell cycle proteins prior to satisfation of the cell cycle checkpoint
482,R-HSA-112311,Neurotransmitter clearance
483,R-HSA-1660517,Synthesis of PIPs at the late endosome membrane
484,R-HSA-8978934,Metabolism of cofactors
485,R-HSA-1963642,PI3K events in ERBB2 signaling
486,R-HSA-8876384,Listeria monocytogenes entry into host cells
487,R-HSA-1500931,Cell-Cell communication
488,R-HSA-8951936,RUNX3 regulates p14-ARF
489,R-HSA-5676590,NIK-->noncanonical NF-kB signaling
490,R-HSA-69473,G2/M DNA damage checkpoint
491,R-HSA-75815,Ubiquitin-dependent degradation of Cyclin D
492,R-HSA-8851907,MET activates PI3K/AKT signaling
493,R-HSA-9012852,Signaling by NOTCH3
494,R-HSA-912694,Regulation of IFNA signaling
495,R-HSA-392517,Rap1 signalling
496,R-HSA-389958,Cooperation of Prefoldin and TriC/CCT  in actin and tubulin folding
497,R-HSA-176409,APC/C:Cdc20 mediated degradation of mitotic proteins
498,R-HSA-68877,Mitotic Prometaphase
499,R-HSA-434316,Fatty Acids bound to GPR40 (FFAR1) regulate insulin secretion
500,R-HSA-1502540,Signaling by Activin
501,R-HSA-1227986,Signaling by ERBB2
502,R-HSA-8963898,Plasma lipoprotein assembly
503,R-HSA-9027276,Erythropoietin activates Phosphoinositide-3-kinase (PI3K)
504,R-HSA-445717,Aquaporin-mediated transport
505,R-HSA-2894862,Constitutive Signaling by NOTCH1 HD+PEST Domain Mutants
506,R-HSA-2644602,Signaling by NOTCH1 PEST Domain Mutants in Cancer
507,R-HSA-2644606,Constitutive Signaling by NOTCH1 PEST Domain Mutants
508,R-HSA-2894858,Signaling by NOTCH1 HD+PEST Domain Mutants in Cancer
509,R-HSA-2644603,Signaling by NOTCH1 in Cancer
510,R-HSA-3371497,HSP90 chaperone cycle for steroid hormone receptors (SHR) in the presence of ligand
511,R-HSA-418886,Netrin mediated repulsion signals
512,R-HSA-8874081,MET activates PTK2 signaling
513,R-HSA-5607761,Dectin-1 mediated noncanonical NF-kB signaling
514,R-HSA-9013694,Signaling by NOTCH4
515,R-HSA-5626978,TNFR1-mediated ceramide production
516,R-HSA-9009391,Extra-nuclear estrogen signaling
517,R-HSA-9658195,Leishmania infection
518,R-HSA-456926,Thrombin signalling through proteinase activated receptors (PARs)
519,R-HSA-9702518,STAT5 activation downstream of FLT3 ITD mutants
520,R-HSA-8856828,Clathrin-mediated endocytosis
521,R-HSA-163841,"Gamma carboxylation, hypusine formation and arylsulfatase activation"
522,R-HSA-5621480,Dectin-2 family
523,R-HSA-8869496,TFAP2A acts as a transcriptional repressor during retinoic acid induced cell differentiation
524,R-HSA-156581,Methylation
525,R-HSA-8854214,TBC/RABGAPs
526,R-HSA-445989,TAK1 activates NFkB by phosphorylation and activation of IKKs complex
527,R-HSA-1362277,Transcription of E2F targets under negative control by DREAM complex
528,R-HSA-8932339,ROS sensing by NFE2L2
529,R-HSA-70171,Glycolysis
530,R-HSA-418890,Role of second messengers in netrin-1 signaling
531,R-HSA-2029481,FCGR activation
532,R-HSA-5678895,Defective CFTR causes cystic fibrosis
533,R-HSA-1059683,Interleukin-6 signaling
534,R-HSA-9706369,Negative regulation of FLT3
535,R-HSA-168316,Assembly of Viral Components at the Budding Site
536,R-HSA-8964572,Lipid particle organization
537,R-HSA-5610780,Degradation of GLI1 by the proteasome
538,R-HSA-5467337,APC truncation mutants have impaired AXIN binding
539,R-HSA-4839744,Signaling by APC mutants
540,R-HSA-6804116,TP53 Regulates Transcription of Genes Involved in G1 Cell Cycle Arrest
541,R-HSA-373080,Class B/2 (Secretin family receptors)
542,R-HSA-389661,Glyoxylate metabolism and glycine degradation
543,R-HSA-8849474,PTK6 Activates STAT3
544,R-HSA-2980766,Nuclear Envelope Breakdown
545,R-HSA-174417,Telomere C-strand (Lagging Strand) Synthesis
546,R-HSA-400451,Free fatty acids regulate insulin secretion
547,R-HSA-9665686,Signaling by ERBB2 TMD/JMD mutants
548,R-HSA-499943,Interconversion of nucleotide di- and triphosphates
549,R-HSA-111458,Formation of apoptosome
550,R-HSA-111461,Cytochrome c-mediated apoptotic response
551,R-HSA-525793,Myogenesis
552,R-HSA-5620920,Cargo trafficking to the periciliary membrane
553,R-HSA-8849471,"PTK6 Regulates RHO GTPases, RAS GTPase and MAP kinases"
554,R-HSA-429914,Deadenylation-dependent mRNA decay
555,R-HSA-8849468,PTK6 Regulates Proteins Involved in RNA Processing
556,R-HSA-198203,PI3K/AKT activation
557,R-HSA-9013695,NOTCH4 Intracellular Domain Regulates Transcription
558,R-HSA-3214841,PKMTs methylate histone lysines
559,R-HSA-1181150,Signaling by NODAL
560,R-HSA-9706374,FLT3 signaling through SRC family kinases
561,R-HSA-192823,Viral mRNA Translation
562,R-HSA-5690714,CD22 mediated BCR regulation
563,R-HSA-418990,Adherens junctions interactions
564,R-HSA-5689877,Josephin domain DUBs
565,R-HSA-9673770,Signaling by PDGFRA extracellular domain mutants
566,R-HSA-9673767,"Signaling by PDGFRA transmembrane, juxtamembrane and kinase domain mutants"
567,R-HSA-202131,Metabolism of nitric oxide: NOS3 activation and regulation
568,R-HSA-450520,HuR (ELAVL1) binds and stabilizes mRNA
569,R-HSA-2586552,Signaling by Leptin
570,R-HSA-982772,Growth hormone receptor signaling
571,R-HSA-9664420,Killing mechanisms
572,R-HSA-9673324,WNT5:FZD7-mediated leishmania damping
573,R-HSA-112314,Neurotransmitter receptors and postsynaptic signal transmission
574,R-HSA-5467348,Truncations of AMER1 destabilize the destruction complex
575,R-HSA-351202,Metabolism of polyamines
576,R-HSA-4839748,Signaling by AMER1 mutants
577,R-HSA-8985947,Interleukin-9 signaling
578,R-HSA-168268,Virus Assembly and Release
579,R-HSA-9022699,MECP2 regulates neuronal receptors and channels
580,R-HSA-112409,RAF-independent MAPK1/3 activation
581,R-HSA-9013420,RHOU GTPase cycle
582,R-HSA-381042,PERK regulates gene expression
583,R-HSA-174824,"Plasma lipoprotein assembly, remodeling, and clearance"
584,R-HSA-2187338,Visual phototransduction
585,R-HSA-5675221,Negative regulation of MAPK pathway
586,R-HSA-72662,"Activation of the mRNA upon binding of the cap-binding complex and eIFs, and subsequent binding to 43S"
587,R-HSA-110313,Translesion synthesis by Y family DNA polymerases bypasses lesions on DNA template
588,R-HSA-5358346,Hedgehog ligand biogenesis
589,R-HSA-140877,Formation of Fibrin Clot (Clotting Cascade)
590,R-HSA-5624958,ARL13B-mediated ciliary trafficking of INPP5E
591,R-HSA-975634,Retinoid metabolism and transport
592,R-HSA-5205685,PINK1-PRKN Mediated Mitophagy
593,R-HSA-1482788,Acyl chain remodelling of PC
594,R-HSA-8853334,Signaling by FGFR3 fusions in cancer
595,R-HSA-5099900,WNT5A-dependent internalization of FZD4
596,R-HSA-430116,GP1b-IX-V activation signalling
597,R-HSA-5627123,RHO GTPases activate PAKs
598,R-HSA-209543,p75NTR recruits signalling complexes
599,R-HSA-2892247,"POU5F1 (OCT4), SOX2, NANOG activate genes related to proliferation"
600,R-HSA-8876198,RAB GEFs exchange GTP for GDP on RABs
601,R-HSA-2032785,YAP1- and WWTR1 (TAZ)-stimulated gene expression
602,R-HSA-198323,AKT phosphorylates targets in the cytosol
603,R-HSA-8866652,Synthesis of active ubiquitin: roles of E1 and E2 enzymes
604,R-HSA-2454202,Fc epsilon receptor (FCERI) signaling
605,R-HSA-9604323,Negative regulation of NOTCH4 signaling
606,R-HSA-8956319,Nucleobase catabolism
607,R-HSA-9670439,"Signaling by phosphorylated juxtamembrane, extracellular and kinase domain KIT mutants"
608,R-HSA-9669938,Signaling by KIT in disease
609,R-HSA-435368,Zinc efflux and compartmentalization by the SLC30 family
610,R-HSA-9671555,Signaling by PDGFR in disease
611,R-HSA-9006925,Intracellular signaling by second messengers
612,R-HSA-392451,G beta:gamma signalling through PI3Kgamma
613,R-HSA-1660514,Synthesis of PIPs at the Golgi membrane
614,R-HSA-437239,Recycling pathway of L1
615,R-HSA-6803205,TP53 regulates transcription of several additional cell death genes whose specific roles in p53-dependent apoptosis remain uncertain
616,R-HSA-2029480,Fcgamma receptor (FCGR) dependent phagocytosis
617,R-HSA-2565942,Regulation of PLK1 Activity at G2/M Transition
618,R-HSA-8984722,Interleukin-35 Signalling
619,R-HSA-5694530,Cargo concentration in the ER
620,R-HSA-5610783,Degradation of GLI2 by the proteasome
621,R-HSA-418889,Caspase activation via Dependence Receptors in the absence of ligand
622,R-HSA-9683610,Maturation of nucleoprotein
623,R-HSA-6785807,Interleukin-4 and Interleukin-13 signaling
624,R-HSA-425407,SLC-mediated transmembrane transport
625,R-HSA-5610785,GLI3 is processed to GLI3R by the proteasome
626,R-HSA-6803204,TP53 Regulates Transcription of Genes Involved in Cytochrome C Release
627,R-HSA-389359,CD28 dependent Vav1 pathway
628,R-HSA-5619084,ABC transporter disorders
629,R-HSA-8985801,Regulation of cortical dendrite branching
630,R-HSA-8875878,MET promotes cell motility
631,R-HSA-450513,"Tristetraprolin (TTP, ZFP36) binds and destabilizes mRNA"
632,R-HSA-9709957,Sensory Perception
633,R-HSA-8849469,PTK6 Regulates RTKs and Their Effectors AKT1 and DOK1
634,R-HSA-6783589,Interleukin-6 family signaling
635,R-HSA-73893,DNA Damage Bypass
636,R-HSA-193704,p75 NTR receptor-mediated signalling
637,R-HSA-264642,Acetylcholine Neurotransmitter Release Cycle
638,R-HSA-450341,Activation of the AP-1 family of transcription factors
639,R-HSA-389357,CD28 dependent PI3K/Akt signaling
640,R-HSA-9020933,Interleukin-23 signaling
641,R-HSA-210993,Tie2 Signaling
642,R-HSA-8951430,RUNX3 regulates WNT signaling
643,R-HSA-8856825,Cargo recognition for clathrin-mediated endocytosis
644,R-HSA-6803157,Antimicrobial peptides
645,R-HSA-181429,Serotonin Neurotransmitter Release Cycle
646,R-HSA-4791275,Signaling by WNT in cancer
647,R-HSA-5635838,Activation of SMO
648,R-HSA-9664873,Pexophagy
649,R-HSA-156711,Polo-like kinase mediated events
650,R-HSA-1980143,Signaling by NOTCH1
651,R-HSA-194315,Signaling by Rho GTPases
652,R-HSA-109704,PI3K Cascade
653,R-HSA-176814,Activation of APC/C and APC/C:Cdc20 mediated degradation of mitotic proteins
654,R-HSA-9020956,Interleukin-27 signaling
655,R-HSA-69541,Stabilization of p53
656,R-HSA-352230,Amino acid transport across the plasma membrane
657,R-HSA-180292,GAB1 signalosome
658,R-HSA-181430,Norepinephrine Neurotransmitter Release Cycle
659,R-HSA-175474,Assembly Of The HIV Virion
660,R-HSA-8866376,Reelin signalling pathway
661,R-HSA-8934593,Regulation of RUNX1 Expression and Activity
662,R-HSA-351906,Apoptotic cleavage of cell adhesion  proteins
663,R-HSA-211000,Gene Silencing by RNA
664,R-HSA-6783783,Interleukin-10 signaling
665,R-HSA-1266695,Interleukin-7 signaling
666,R-HSA-8866654,E3 ubiquitin ligases ubiquitinate target proteins
667,R-HSA-9603381,Activated NTRK3 signals through PI3K
668,R-HSA-69205,G1/S-Specific Transcription
669,R-HSA-5663213,RHO GTPases Activate WASPs and WAVEs
670,R-HSA-6804759,Regulation of TP53 Activity through Association with Co-factors
671,R-HSA-111471,Apoptotic factor-mediated response
672,R-HSA-5205647,Mitophagy
673,R-HSA-196791,Vitamin D (calciferol) metabolism
674,R-HSA-9716542,"Signaling by Rho GTPases, Miro GTPases and RHOBTB3"
675,R-HSA-9613354,Lipophagy
676,R-HSA-2559585,Oncogene Induced Senescence
677,R-HSA-1483249,Inositol phosphate metabolism
678,R-HSA-210990,PECAM1 interactions
679,R-HSA-5368286,Mitochondrial translation initiation
680,R-HSA-9707587,Regulation of HMOX1 expression and activity
681,R-HSA-167172,Transcription of the HIV genome
682,R-HSA-390466,Chaperonin-mediated protein folding
683,R-HSA-212676,Dopamine Neurotransmitter Release Cycle
684,R-HSA-210500,Glutamate Neurotransmitter Release Cycle
685,R-HSA-193639,p75NTR signals via NF-kB
686,R-HSA-5655291,Signaling by FGFR4 in disease
687,R-HSA-4085377,SUMOylation of SUMOylation proteins
688,R-HSA-8963899,Plasma lipoprotein remodeling
689,R-HSA-4411364,Binding of TCF/LEF:CTNNB1 to target gene promoters
690,R-HSA-8863795,Downregulation of ERBB2 signaling
691,R-HSA-512988,"Interleukin-3, Interleukin-5 and GM-CSF signaling"
692,R-HSA-2219530,Constitutive Signaling by Aberrant PI3K in Cancer
693,R-HSA-432142,Platelet sensitization by LDL
694,R-HSA-1839117,Signaling by cytosolic FGFR1 fusion mutants
695,R-HSA-71406,Pyruvate metabolism and Citric Acid (TCA) cycle
696,R-HSA-5654710,PI-3K cascade:FGFR3
697,R-HSA-2682334,EPH-Ephrin signaling
698,R-HSA-5654720,PI-3K cascade:FGFR4
699,R-HSA-435354,Zinc transporters
700,R-HSA-176408,Regulation of APC/C activators between G1/S and early anaphase
701,R-HSA-5339562,Uptake and actions of bacterial toxins
702,R-HSA-9028731,Activated NTRK2 signals through FRS2 and FRS3
703,R-HSA-9617629,Regulation of FOXO transcriptional activity by acetylation
704,R-HSA-8943724,Regulation of PTEN gene transcription
705,R-HSA-399997,Acetylcholine regulates insulin secretion
706,R-HSA-1295596,Spry regulation of FGF signaling
707,R-HSA-5654689,PI-3K cascade:FGFR1
708,R-HSA-9648025,EML4 and NUDC in mitotic spindle formation
709,R-HSA-2299718,Condensation of Prophase Chromosomes
710,R-HSA-8854050,FBXL7 down-regulates AURKA during mitotic entry and in early mitosis
711,R-HSA-2426168,Activation of gene expression by SREBF (SREBP)
712,R-HSA-5654695,PI-3K cascade:FGFR2
713,R-HSA-69481,G2/M Checkpoints
714,R-HSA-6804760,Regulation of TP53 Activity through Methylation
715,R-HSA-2500257,Resolution of Sister Chromatid Cohesion
716,R-HSA-1368108,"BMAL1:CLOCK,NPAS2 activates circadian gene expression"
717,R-HSA-9013148,CDC42 GTPase cycle
718,R-HSA-6807047,Cholesterol biosynthesis via desmosterol
719,R-HSA-6807062,Cholesterol biosynthesis via lathosterol
720,R-HSA-2142753,Arachidonic acid metabolism
721,R-HSA-975957,Nonsense Mediated Decay (NMD) enhanced by the Exon Junction Complex (EJC)
722,R-HSA-927802,Nonsense-Mediated Decay (NMD)
723,R-HSA-9006335,Signaling by Erythropoietin
724,R-HSA-350054,Notch-HLH transcription pathway
725,R-HSA-8866911,TFAP2 (AP-2) family regulates transcription of cell cycle factors
726,R-HSA-5357769,Caspase activation via extrinsic apoptotic signalling pathway
727,R-HSA-5654706,FRS-mediated FGFR3 signaling
728,R-HSA-8876725,Protein methylation
729,R-HSA-8941858,Regulation of RUNX3 expression and activity
730,R-HSA-5654712,FRS-mediated FGFR4 signaling
731,R-HSA-8853338,Signaling by FGFR3 point mutants in cancer
732,R-HSA-5655332,Signaling by FGFR3 in disease
733,R-HSA-391251,Protein folding
734,R-HSA-70326,Glucose metabolism
735,R-HSA-9614657,FOXO-mediated transcription of cell death genes
736,R-HSA-6804114,TP53 Regulates Transcription of Genes Involved in G2 Cell Cycle Arrest
737,R-HSA-8852276,The role of GTSE1 in G2/M progression after G2 checkpoint
738,R-HSA-382556,ABC-family proteins mediated transport
739,R-HSA-1839124,FGFR1 mutant receptor activation
740,R-HSA-5654693,FRS-mediated FGFR1 signaling
741,R-HSA-5654732,Negative regulation of FGFR3 signaling
742,R-HSA-399719,Trafficking of AMPA receptors
743,R-HSA-4641262,Disassembly of the destruction complex and recruitment of AXIN to the membrane
744,R-HSA-5654733,Negative regulation of FGFR4 signaling
745,R-HSA-379726,Mitochondrial tRNA aminoacylation
746,R-HSA-112399,IRS-mediated signalling
747,R-HSA-8854691,Interleukin-20 family signaling
748,R-HSA-5654700,FRS-mediated FGFR2 signaling
749,R-HSA-1474290,Collagen formation
750,R-HSA-5668599,RHO GTPases Activate NADPH Oxidases
751,R-HSA-425410,Metal ion SLC transporters
752,R-HSA-1630316,Glycosaminoglycan metabolism
753,R-HSA-1660661,Sphingolipid de novo biosynthesis
754,R-HSA-446728,Cell junction organization
755,R-HSA-388396,GPCR downstream signalling
756,R-HSA-418885,DCC mediated attractive signaling
757,R-HSA-9665348,Signaling by ERBB2 ECD mutants
758,R-HSA-195258,RHO GTPase Effectors
759,R-HSA-381183,ATF6 (ATF6-alpha) activates chaperone genes
760,R-HSA-2173788,Downregulation of TGF-beta receptor signaling
761,R-HSA-5654727,Negative regulation of FGFR2 signaling
762,R-HSA-399721,"Glutamate binding, activation of AMPA receptors and synaptic plasticity"
763,R-HSA-450385,Butyrate Response Factor 1 (BRF1) binds and destabilizes mRNA
764,R-HSA-381033,ATF6 (ATF6-alpha) activates chaperones
765,R-HSA-9619665,EGR2 and SOX10-mediated initiation of Schwann cell myelination
766,R-HSA-5654726,Negative regulation of FGFR1 signaling
767,R-HSA-6807878,COPI-mediated anterograde transport
768,R-HSA-2028269,Signaling by Hippo
769,R-HSA-421270,Cell-cell junction organization
770,R-HSA-9617828,FOXO-mediated transcription of cell cycle genes
771,R-HSA-2428928,IRS-related events triggered by IGF1R
772,R-HSA-5628897,TP53 Regulates Metabolic Genes
773,R-HSA-2730905,Role of LAT2/NTAL/LAB on calcium mobilization
774,R-HSA-6811434,COPI-dependent Golgi-to-ER retrograde traffic
775,R-HSA-5336415,Uptake and function of diphtheria toxin
776,R-HSA-180534,Vpu mediated degradation of CD4
777,R-HSA-2428924,IGF1R signaling cascade
778,R-HSA-2404192,Signaling by Type 1 Insulin-like Growth Factor 1 Receptor (IGF1R)
779,R-HSA-9664565,Signaling by ERBB2 KD Mutants
780,R-HSA-186712,Regulation of beta-cell development
781,R-HSA-1251985,Nuclear signaling by ERBB4
782,R-HSA-1227990,Signaling by ERBB2 in Cancer
783,R-HSA-2173782,Binding and Uptake of Ligands by Scavenger Receptors
784,R-HSA-9660821,ADORA2B mediated anti-inflammatory cytokines production
785,R-HSA-5655253,Signaling by FGFR2 in disease
786,R-HSA-977606,Regulation of Complement cascade
787,R-HSA-5625886,Activated PKN1 stimulates transcription of AR (androgen receptor) regulated genes KLK2 and KLK3
788,R-HSA-1852241,Organelle biogenesis and maintenance
789,R-HSA-9634638,Estrogen-dependent nuclear events downstream of ESR-membrane signaling
790,R-HSA-5368287,Mitochondrial translation
791,R-HSA-71387,Metabolism of carbohydrates
792,R-HSA-450282,MAPK targets/ Nuclear events mediated by MAP kinases
793,R-HSA-204005,COPII-mediated vesicle transport
794,R-HSA-180786,Extension of Telomeres
795,R-HSA-8939236,RUNX1 regulates transcription of genes involved in differentiation of HSCs
796,R-HSA-9007101,Rab regulation of trafficking
797,R-HSA-379724,tRNA Aminoacylation
798,R-HSA-2132295,MHC class II antigen presentation
799,R-HSA-9703465,Signaling by FLT3 fusion proteins
800,R-HSA-9008059,Interleukin-37 signaling
801,R-HSA-1912408,Pre-NOTCH Transcription and Translation
802,R-HSA-1660499,Synthesis of PIPs at the plasma membrane
803,R-HSA-69563,p53-Dependent G1 DNA Damage Response
804,R-HSA-69580,p53-Dependent G1/S DNA damage checkpoint
805,R-HSA-9683701,Translation of Structural Proteins
806,R-HSA-1655829,Regulation of cholesterol biosynthesis by SREBP (SREBF)
807,R-HSA-72737,Cap-dependent Translation Initiation
808,R-HSA-450604,KSRP (KHSRP) binds and destabilizes mRNA
809,R-HSA-888590,"GABA synthesis, release, reuptake and degradation"
810,R-HSA-9615017,"FOXO-mediated transcription of oxidative stress, metabolic and neuronal genes"
811,R-HSA-5619102,SLC transporter disorders
812,R-HSA-72613,Eukaryotic Translation Initiation
813,R-HSA-114604,GPVI-mediated activation cascade
814,R-HSA-6806667,Metabolism of fat-soluble vitamins
815,R-HSA-5668541,TNFR2 non-canonical NF-kB pathway
816,R-HSA-2424491,DAP12 signaling
817,R-HSA-5250924,B-WICH complex positively regulates rRNA expression
818,R-HSA-164944,Nef and signal transduction
819,R-HSA-9694631,Maturation of nucleoprotein
820,R-HSA-844456,The NLRP3 inflammasome
821,R-HSA-193648,NRAGE signals death through JNK
822,R-HSA-1236382,Constitutive Signaling by Ligand-Responsive EGFR Cancer Variants
823,R-HSA-5637815,Signaling by Ligand-Responsive EGFR Variants in Cancer
824,R-HSA-69615,G1/S DNA Damage Checkpoints
825,R-HSA-166658,Complement cascade
826,R-HSA-2871837,FCERI mediated NF-kB activation
827,R-HSA-2173795,Downregulation of SMAD2/3:SMAD4 transcriptional activity
828,R-HSA-9707616,Heme signaling
829,R-HSA-73762,RNA Polymerase I Transcription Initiation
830,R-HSA-622312,Inflammasomes
831,R-HSA-182971,EGFR downregulation
832,R-HSA-9010553,Regulation of expression of SLITs and ROBOs
833,R-HSA-3928662,EPHB-mediated forward signaling
834,R-HSA-3232142,SUMOylation of ubiquitinylation proteins
835,R-HSA-69656,Cyclin A:Cdk2-associated events at S phase entry
836,R-HSA-74751,Insulin receptor signalling cascade
837,R-HSA-5655302,Signaling by FGFR1 in disease
838,R-HSA-6807505,RNA polymerase II transcribes snRNA genes
839,R-HSA-373752,Netrin-1 signaling
840,R-HSA-4755510,SUMOylation of immune response proteins
841,R-HSA-202433,Generation of second messenger molecules
842,R-HSA-8940973,RUNX2 regulates osteoblast differentiation
843,R-HSA-9660826,Purinergic signaling in leishmaniasis infection
844,R-HSA-9664424,Cell recruitment (pro-inflammatory response)
845,R-HSA-452723,Transcriptional regulation of pluripotent stem cells
846,R-HSA-375276,Peptide ligand-binding receptors
847,R-HSA-168273,Influenza Viral RNA Transcription and Replication
848,R-HSA-2172127,DAP12 interactions
849,R-HSA-8856688,Golgi-to-ER retrograde transport
850,R-HSA-6811440,Retrograde transport at the Trans-Golgi-Network
851,R-HSA-9006934,Signaling by Receptor Tyrosine Kinases
852,R-HSA-68875,Mitotic Prophase
853,R-HSA-8939902,Regulation of RUNX2 expression and activity
854,R-HSA-9636383,Prevention of phagosomal-lysosomal fusion
855,R-HSA-3299685,Detoxification of Reactive Oxygen Species
856,R-HSA-983170,"Antigen Presentation: Folding, assembly and peptide loading of class I MHC"
857,R-HSA-432722,Golgi Associated Vesicle Biogenesis
858,R-HSA-397795,G-protein beta:gamma signalling
859,R-HSA-8874211,CREB3 factors activate genes
860,R-HSA-5683057,MAPK family signaling cascades
861,R-HSA-5638302,Signaling by Overexpressed Wild-Type EGFR in Cancer
862,R-HSA-5638303,Inhibition of Signaling by Overexpressed EGFR
863,R-HSA-4615885,SUMOylation of DNA replication proteins
864,R-HSA-9034015,Signaling by NTRK3 (TRKC)
865,R-HSA-6799198,Complex I biogenesis
866,R-HSA-6803207,TP53 Regulates Transcription of Caspase Activators and Caspases
867,R-HSA-159236,Transport of Mature mRNA derived from an Intron-Containing Transcript
868,R-HSA-418555,G alpha (s) signalling events
869,R-HSA-1280218,Adaptive Immune System
870,R-HSA-450294,MAP kinase activation
871,R-HSA-174143,APC/C-mediated degradation of cell cycle proteins
872,R-HSA-453276,Regulation of mitotic cell cycle
873,R-HSA-74752,Signaling by Insulin receptor
874,R-HSA-5610787,Hedgehog 'off' state
875,R-HSA-5693554,Resolution of D-loop Structures through Synthesis-Dependent Strand Annealing (SDSA)
876,R-HSA-6811558,"PI5P, PP2A and IER3 Regulate PI3K/AKT Signaling"
877,R-HSA-3214847,HATs acetylate histones
878,R-HSA-9637687,Suppression of phagosomal maturation
879,R-HSA-912446,Meiotic recombination
880,R-HSA-448424,Interleukin-17 signaling
881,R-HSA-73854,RNA Polymerase I Promoter Clearance
882,R-HSA-1226099,Signaling by FGFR in disease
883,R-HSA-5693568,Resolution of D-loop Structures through Holliday Junction Intermediates
884,R-HSA-1912422,Pre-NOTCH Expression and Processing
885,R-HSA-8852135,Protein ubiquitination
886,R-HSA-9633012,Response of EIF2AK4 (GCN2) to amino acid deficiency
887,R-HSA-5693537,Resolution of D-Loop Structures
888,R-HSA-4086400,PCP/CE pathway
889,R-HSA-264876,Insulin processing
890,R-HSA-674695,RNA Polymerase II Pre-transcription Events
891,R-HSA-2122947,NOTCH1 Intracellular Domain Regulates Transcription
892,R-HSA-8857538,PTK6 promotes HIF1A stabilization
893,R-HSA-69202,Cyclin E associated events during G1/S transition 
894,R-HSA-5674400,Constitutive Signaling by AKT1 E17K in Cancer
895,R-HSA-1538133,G0 and Early G1
896,R-HSA-449836,Other interleukin signaling
897,R-HSA-6811555,PI5P Regulates TP53 Acetylation
898,R-HSA-5625740,RHO GTPases activate PKNs
899,R-HSA-8941326,RUNX2 regulates bone development
900,R-HSA-191273,Cholesterol biosynthesis
901,R-HSA-936440,Negative regulators of DDX58/IFIH1 signaling
902,R-HSA-2995410,Nuclear Envelope (NE) Reassembly
903,R-HSA-73864,RNA Polymerase I Transcription
904,R-HSA-199418,Negative regulation of the PI3K/AKT network
905,R-HSA-186763,Downstream signal transduction
906,R-HSA-5693607,Processing of DNA double-strand break ends
907,R-HSA-8951664,Neddylation
908,R-HSA-428157,Sphingolipid metabolism
909,R-HSA-202424,Downstream TCR signaling
910,R-HSA-1169408,ISG15 antiviral mechanism
911,R-HSA-109606,Intrinsic Pathway for Apoptosis
912,R-HSA-164952,The role of Nef in HIV-1 replication and disease pathogenesis
913,R-HSA-389356,CD28 co-stimulation
914,R-HSA-1483255,PI Metabolism
915,R-HSA-112310,Neurotransmitter release cycle
916,R-HSA-2151201,Transcriptional activation of mitochondrial biogenesis
917,R-HSA-9006115,Signaling by NTRK2 (TRKB)
918,R-HSA-9029569,NR1H3 & NR1H2 regulate gene expression linked to cholesterol transport and efflux
919,R-HSA-9664422,FCGR3A-mediated phagocytosis
920,R-HSA-9664407,Parasite infection
921,R-HSA-9664417,Leishmania phagocytosis
922,R-HSA-156580,Phase II - Conjugation of compounds
923,R-HSA-68886,M Phase
924,R-HSA-5357956,TNFR1-induced NFkappaB signaling pathway
925,R-HSA-354192,Integrin signaling
926,R-HSA-9609690,HCMV Early Events
927,R-HSA-5250913,Positive epigenetic regulation of rRNA expression
928,R-HSA-9020702,Interleukin-1 signaling
929,R-HSA-372790,Signaling by GPCR
930,R-HSA-9613829,Chaperone Mediated Autophagy
931,R-HSA-5689896,Ovarian tumor domain proteases
932,R-HSA-611105,Respiratory electron transport
933,R-HSA-6804758,Regulation of TP53 Activity through Acetylation
934,R-HSA-15869,Metabolism of nucleotides
935,R-HSA-1236974,ER-Phagosome pathway
936,R-HSA-3214858,RMTs methylate histone arginines
937,R-HSA-9707564,Cytoprotection by HMOX1
938,R-HSA-76009,Platelet Aggregation (Plug Formation)
939,R-HSA-5685938,HDR through Single Strand Annealing (SSA)
940,R-HSA-416993,Trafficking of GluR2-containing AMPA receptors
941,R-HSA-5632684,Hedgehog 'on' state
942,R-HSA-8983432,Interleukin-15 signaling
943,R-HSA-165159,MTOR signalling
944,R-HSA-917937,Iron uptake and transport
945,R-HSA-186797,Signaling by PDGF
946,R-HSA-6804757,Regulation of TP53 Degradation
947,R-HSA-9031628,NGF-stimulated transcription
948,R-HSA-376176,Signaling by ROBO receptors
949,R-HSA-2173789,TGF-beta receptor signaling activates SMADs
950,R-HSA-5654708,Downstream signaling of activated FGFR3
951,R-HSA-5654716,Downstream signaling of activated FGFR4
952,R-HSA-5689880,Ub-specific processing proteases
953,R-HSA-1236975,Antigen processing-Cross presentation
954,R-HSA-196849,Metabolism of water-soluble vitamins and cofactors
955,R-HSA-264870,Caspase-mediated cleavage of cytoskeletal proteins
956,R-HSA-5654696,Downstream signaling of activated FGFR2
957,R-HSA-5654687,Downstream signaling of activated FGFR1
958,R-HSA-500792,GPCR ligand binding
959,R-HSA-909733,Interferon alpha/beta signaling
960,R-HSA-8936459,RUNX1 regulates genes involved in megakaryocyte differentiation and platelet function
961,R-HSA-163200,"Respiratory electron transport, ATP synthesis by chemiosmotic coupling, and heat production by uncoupling proteins."
962,R-HSA-196854,Metabolism of vitamins and cofactors
963,R-HSA-373076,Class A/1 (Rhodopsin-like receptors)
964,R-HSA-445144,Signal transduction by L1
965,R-HSA-450408,AUF1 (hnRNP D0) binds and destabilizes mRNA
966,R-HSA-1169410,Antiviral mechanism by IFN-stimulated genes
967,R-HSA-6791312,TP53 Regulates Transcription of Cell Cycle Genes
968,R-HSA-2179392,EGFR Transactivation by Gastrin
969,R-HSA-5619115,Disorders of transmembrane transporters
970,R-HSA-157579,Telomere Maintenance
971,R-HSA-2871796,FCERI mediated MAPK activation
972,R-HSA-373760,L1CAM interactions
973,R-HSA-9711097,Cellular response to starvation
974,R-HSA-8953750,Transcriptional Regulation by E2F6
975,R-HSA-199977,ER to Golgi Anterograde Transport
976,R-HSA-9022692,Regulation of MECP2 expression and activity
977,R-HSA-5685942,HDR through Homologous Recombination (HRR)
978,R-HSA-5675482,Regulation of necroptotic cell death
979,R-HSA-198725,Nuclear Events (kinase and transcription factor activation)
980,R-HSA-9694635,Translation of Structural Proteins
981,R-HSA-9635465,Suppression of apoptosis
982,R-HSA-2219528,PI3K/AKT Signaling in Cancer
983,R-HSA-72202,Transport of Mature Transcript to Cytoplasm
984,R-HSA-199991,Membrane Trafficking
985,R-HSA-388841,Costimulation by the CD28 family
986,R-HSA-201556,Signaling by ALK
987,R-HSA-73886,Chromosome Maintenance
988,R-HSA-1236394,Signaling by ERBB4
989,R-HSA-8948751,Regulation of PTEN stability and activity
990,R-HSA-3108214,SUMOylation of DNA damage response and repair proteins
991,R-HSA-1221632,Meiotic synapsis
992,R-HSA-2029482,Regulation of actin dynamics for phagocytic cup formation
993,R-HSA-2173796,SMAD2/SMAD3:SMAD4 heterotrimer regulates transcription
994,R-HSA-9616222,Transcriptional regulation of granulopoiesis
995,R-HSA-157118,Signaling by NOTCH
996,R-HSA-9679506,SARS-CoV Infections
997,R-HSA-168643,"Nucleotide-binding domain, leucine rich repeat containing receptor (NLR) signaling pathways"
998,R-HSA-202733,Cell surface interactions at the vascular wall
999,R-HSA-1483206,Glycerophospholipid biosynthesis
1000,R-HSA-5213460,RIPK1-mediated regulated necrosis
1001,R-HSA-881907,Gastrin-CREB signalling pathway via PKC and MAPK
1002,R-HSA-2559580,Oxidative Stress Induced Senescence
1003,R-HSA-9024446,NR1H2 and NR1H3-mediated signaling
1004,R-HSA-451927,Interleukin-2 family signaling
1005,R-HSA-5693571,Nonhomologous End-Joining (NHEJ)
1006,R-HSA-9674555,Signaling by CSF3 (G-CSF)
1007,R-HSA-69242,S Phase
1008,R-HSA-5693565,Recruitment and ATM-mediated phosphorylation of repair and signaling proteins at DNA double strand breaks
1009,R-HSA-8986944,Transcriptional Regulation by MECP2
1010,R-HSA-877300,Interferon gamma signaling
1011,R-HSA-381753,Olfactory Signaling Pathway
1012,R-HSA-975138,TRAF6 mediated induction of NFkB and MAP kinases upon TLR7/8 or 9 activation
1013,R-HSA-69275,G2/M Transition
1014,R-HSA-948021,Transport to the Golgi and subsequent modification
1015,R-HSA-216083,Integrin cell surface interactions
1016,R-HSA-453274,Mitotic G2-G2/M phases
1017,R-HSA-69206,G1/S Transition
1018,R-HSA-9609646,HCMV Infection
1019,R-HSA-162599,Late Phase of HIV Life Cycle
1020,R-HSA-5637812,Signaling by EGFRvIII in Cancer
1021,R-HSA-5637810,Constitutive Signaling by EGFRvIII
1022,R-HSA-6806834,Signaling by MET
1023,R-HSA-975871,MyD88 cascade initiated on plasma membrane
1024,R-HSA-3232118,SUMOylation of transcription factors
1025,R-HSA-168142,Toll Like Receptor 10 (TLR10) Cascade
1026,R-HSA-168176,Toll Like Receptor 5 (TLR5) Cascade
1027,R-HSA-1643713,Signaling by EGFR in Cancer
1028,R-HSA-68882,Mitotic Anaphase
1029,R-HSA-9607240,FLT3 Signaling
1030,R-HSA-9703648,Signaling by FLT3 ITD and TKD mutants
1031,R-HSA-975155,MyD88 dependent cascade initiated on endosome
1032,R-HSA-3769402,Deactivation of the beta-catenin transactivating complex
1033,R-HSA-168181,Toll Like Receptor 7/8 (TLR7/8) Cascade
1034,R-HSA-202403,TCR signaling
1035,R-HSA-5654743,Signaling by FGFR4
1036,R-HSA-1592230,Mitochondrial biogenesis
1037,R-HSA-8878159,Transcriptional regulation by RUNX3
1038,R-HSA-977225,Amyloid fiber formation
1039,R-HSA-5654741,Signaling by FGFR3
1040,R-HSA-168138,Toll Like Receptor 9 (TLR9) Cascade
1041,R-HSA-168928,DDX58/IFIH1-mediated induction of interferon-alpha/beta
1042,R-HSA-6811442,Intra-Golgi and retrograde Golgi-to-ER traffic
1043,R-HSA-168255,Influenza Infection
1044,R-HSA-9682385,FLT3 signaling in disease
1045,R-HSA-3899300,SUMOylation of transcription cofactors
1046,R-HSA-162587,HIV Life Cycle
1047,R-HSA-5218859,Regulated Necrosis
1048,R-HSA-8950505,Gene and protein expression by JAK-STAT signaling after Interleukin-12 stimulation
1049,R-HSA-3928664,Ephrin signaling
1050,R-HSA-5654736,Signaling by FGFR1
1051,R-HSA-168164,Toll Like Receptor 3 (TLR3) Cascade
1052,R-HSA-5653656,Vesicle-mediated transport
1053,R-HSA-5663202,Diseases of signal transduction by growth factor receptors and second messengers
1054,R-HSA-5693606,DNA Double Strand Break Response
1055,R-HSA-8939211,ESR-mediated signaling
1056,R-HSA-69620,Cell Cycle Checkpoints
1057,R-HSA-6806003,Regulation of TP53 Expression and Degradation
1058,R-HSA-381340,Transcriptional regulation of white adipocyte differentiation
1059,R-HSA-425366,"Transport of bile salts and organic acids, metal ions and amine compounds"
1060,R-HSA-9663891,Selective autophagy
1061,R-HSA-6791226,Major pathway of rRNA processing in the nucleolus and cytosol
1062,R-HSA-1428517,The citric acid (TCA) cycle and respiratory electron transport
1063,R-HSA-2555396,Mitotic Metaphase and Anaphase
1064,R-HSA-9678108,SARS-CoV-1 Infection
1065,R-HSA-937061,TRIF(TICAM1)-mediated TLR4 signaling 
1066,R-HSA-166166,MyD88-independent TLR4 cascade 
1067,R-HSA-1989781,PPARA activates gene expression
1068,R-HSA-8868773,rRNA processing in the nucleus and cytosol
1069,R-HSA-5358351,Signaling by Hedgehog
1070,R-HSA-5633008,TP53 Regulates Transcription of Cell Death Genes
1071,R-HSA-2980736,Peptide hormone metabolism
1072,R-HSA-400253,Circadian Clock
1073,R-HSA-1266738,Developmental Biology
1074,R-HSA-400206,Regulation of lipid metabolism by PPARalpha
1075,R-HSA-9725370,Signaling by ALK fusions and activated point mutants
1076,R-HSA-9700206,Signaling by ALK in cancer
1077,R-HSA-166058,MyD88:MAL(TIRAP) cascade initiated on plasma membrane
1078,R-HSA-983231,Factors involved in megakaryocyte development and platelet production
1079,R-HSA-168179,Toll Like Receptor TLR1:TLR2 Cascade
1080,R-HSA-168188,Toll Like Receptor TLR6:TLR2 Cascade
1081,R-HSA-181438,Toll Like Receptor 2 (TLR2) Cascade
1082,R-HSA-2173793,Transcriptional activity of SMAD2/SMAD3:SMAD4 heterotrimer
1083,R-HSA-9020591,Interleukin-12 signaling
1084,R-HSA-5654738,Signaling by FGFR2
1085,R-HSA-9711123,Cellular response to chemical stress
1086,R-HSA-446652,Interleukin-1 family signaling
1087,R-HSA-212165,Epigenetic regulation of gene expression
1088,R-HSA-1500620,Meiosis
1089,R-HSA-8866910,TFAP2 (AP-2) family regulates transcription of growth factors and their receptors
1090,R-HSA-190236,Signaling by FGFR
1091,R-HSA-4551638,SUMOylation of chromatin organization proteins
1092,R-HSA-1632852,Macroautophagy
1093,R-HSA-453279,Mitotic G1 phase and G1/S transition
1094,R-HSA-198933,Immunoregulatory interactions between a Lymphoid and a non-Lymphoid cell
1095,R-HSA-72312,rRNA processing
1096,R-HSA-177929,Signaling by EGFR
1097,R-HSA-211859,Biological oxidations
1098,R-HSA-4090294,SUMOylation of intracellular receptors
1099,R-HSA-168249,Innate Immune System
1100,R-HSA-195253,Degradation of beta-catenin by the destruction complex
1101,R-HSA-3247509,Chromatin modifying enzymes
1102,R-HSA-4839726,Chromatin organization
1103,R-HSA-5687128,MAPK6/MAPK4 signaling
1104,R-HSA-6807070,PTEN Regulation
1105,R-HSA-5357905,Regulation of TNFR1 signaling
1106,R-HSA-73887,Death Receptor Signalling
1107,R-HSA-8878166,Transcriptional regulation by RUNX2
1108,R-HSA-5693567,HDR through Homologous Recombination (HRR) or Single Strand Annealing (SSA)
1109,R-HSA-5693538,Homology Directed Repair
1110,R-HSA-1474165,Reproduction
1111,R-HSA-166520,Signaling by NTRKs
1112,R-HSA-9694516,SARS-CoV-2 Infection
1113,R-HSA-8978868,Fatty acid metabolism
1114,R-HSA-9614085,FOXO-mediated transcription
1115,R-HSA-9637690,Response of Mtb to phagocytosis
1116,R-HSA-111465,Apoptotic cleavage of cellular proteins
1117,R-HSA-1483257,Phospholipid metabolism
1118,R-HSA-983169,Class I MHC mediated antigen processing & presentation
1119,R-HSA-166016,Toll Like Receptor 4 (TLR4) Cascade
1120,R-HSA-446203,Asparagine N-linked glycosylation
1121,R-HSA-72766,Translation
1122,R-HSA-8848021,Signaling by PTK6
1123,R-HSA-9006927,Signaling by Non-Receptor Tyrosine Kinases
1124,R-HSA-195721,Signaling by WNT
1125,R-HSA-447115,Interleukin-12 family signaling
1126,R-HSA-75153,Apoptotic execution phase
1127,R-HSA-5617472,Activation of anterior HOX genes in hindbrain development during early embryogenesis
1128,R-HSA-5619507,Activation of HOX genes during differentiation
1129,R-HSA-162909,Host Interactions of HIV factors
1130,R-HSA-75893,TNF signaling
1131,R-HSA-201722,Formation of the beta-catenin:TCF transactivating complex
1132,R-HSA-9006931,Signaling by Nuclear Receptors
1133,R-HSA-187037,Signaling by NTRK1 (TRKA)
1134,R-HSA-2559583,Cellular Senescence
1135,R-HSA-450531,Regulation of mRNA stability by proteins that bind AU-rich elements
1136,R-HSA-449147,Signaling by Interleukins
1137,R-HSA-432720,Lysosome Vesicle Biogenesis
1138,R-HSA-9635486,Infection with Mycobacterium tuberculosis
1139,R-HSA-8863678,Neurodegenerative Diseases
1140,R-HSA-8862803,Deregulated CDK5 triggers multiple neurodegenerative pathways in Alzheimer's disease models
1141,R-HSA-168898,Toll-like Receptor Cascades
1142,R-HSA-72163,mRNA Splicing - Major Pathway
1143,R-HSA-170834,Signaling by TGF-beta Receptor Complex
1144,R-HSA-72172,mRNA Splicing
1145,R-HSA-9612973,Autophagy
1146,R-HSA-9645723,Diseases of programmed cell death
1147,R-HSA-5693532,DNA Double-Strand Break Repair
1148,R-HSA-71291,Metabolism of amino acids and derivatives
1149,R-HSA-5688426,Deubiquitination
1150,R-HSA-9006936,Signaling by TGFB family members
1151,R-HSA-381038,XBP1(S) activates chaperone genes
1152,R-HSA-381070,IRE1alpha activates chaperones
1153,R-HSA-9018519,Estrogen-dependent gene expression
1154,R-HSA-913531,Interferon Signaling
1155,R-HSA-199992,trans-Golgi Network Vesicle Budding
1156,R-HSA-8957322,Metabolism of steroids
1157,R-HSA-162906,HIV Infection
1158,R-HSA-8878171,Transcriptional regulation by RUNX1
1159,R-HSA-1257604,PIP3 activates AKT signaling
1160,R-HSA-72203,Processing of Capped Intron-Containing Pre-mRNA
1161,R-HSA-69278,"Cell Cycle, Mitotic"
1162,R-HSA-8864260,Transcriptional regulation by the AP-2 (TFAP2) family of transcription factors
1163,R-HSA-5633007,Regulation of TP53 Activity
1164,R-HSA-109581,Apoptosis
1165,R-HSA-168256,Immune System
1166,R-HSA-5663205,Infectious disease
1167,R-HSA-73894,DNA Repair
1168,R-HSA-201681,TCF dependent signaling in response to WNT
1169,R-HSA-1280215,Cytokine Signaling in Immune system
1170,R-HSA-381119,Unfolded Protein Response (UPR)
1171,R-HSA-5357801,Programmed Cell Death
1172,R-HSA-3700989,Transcriptional Regulation by TP53
1173,R-HSA-1640170,Cell Cycle
1174,R-HSA-3108232,SUMO E3 ligases SUMOylate target proteins
1175,R-HSA-2990846,SUMOylation
1176,R-HSA-162582,Signal Transduction
1177,R-HSA-2262752,Cellular responses to stress
1178,R-HSA-1430728,Metabolism
1179,R-HSA-8953897,Cellular responses to stimuli
1180,R-HSA-556833,Metabolism of lipids
1181,R-HSA-1643685,Disease
1182,R-HSA-597592,Post-translational protein modification
1183,R-HSA-8953854,Metabolism of RNA
1184,R-HSA-392499,Metabolism of proteins
1185,R-HSA-212436,Generic Transcription Pathway
1186,R-HSA-73857,RNA Polymerase II Transcription
1187,R-HSA-74160,Gene expression (Transcription)
